rank,triple,Cbalanced,Cmean,c_0,c_1,c_2,wall_seconds
1,4-7-9,1.698177,2.272472,3.201472,1.698177,1.917768,10.3
2,3-5-8,1.682531,2.041737,2.404306,2.038375,1.682531,10.4
3,6-7-9,1.658481,1.718037,1.812089,1.658481,1.683541,11.1
4,3-4-5,1.638075,1.948506,2.515846,1.691598,1.638075,10.7
5,2-4-9,1.617756,1.857853,1.986755,1.969047,1.617756,10.4
6,0-4-9,1.603252,1.812293,1.716852,2.116774,1.603252,10.3
7,4-8-9,1.562226,1.997633,2.829023,1.562226,1.601651,10.1
8,1-4-9,1.548757,1.810583,1.769387,2.113604,1.548757,10.4
9,7-8-9,1.532456,1.842676,2.314300,1.681272,1.532456,10.5
10,2-3-5,1.531229,1.781476,2.194277,1.618922,1.531229,10.4
11,0-3-5,1.529144,1.878697,2.189536,1.917411,1.529144,10.4
12,4-5-9,1.521048,2.149665,2.950339,1.521048,1.977606,11.2
13,2-5-8,1.517730,1.767212,2.260455,1.523451,1.517730,10.3
14,4-6-9,1.492884,2.117819,2.667728,1.492884,2.192844,10.8
15,5-7-9,1.460169,1.699386,2.065040,1.572950,1.460169,10.6
16,3-4-9,1.458411,1.831422,1.939468,2.096386,1.458411,11.2
17,1-2-8,1.449352,1.701715,2.154543,1.501249,1.449352,10.3
18,2-7-9,1.432830,1.670895,2.119688,1.432830,1.460166,10.5
19,1-7-9,1.419989,1.542507,1.785667,1.419989,1.421865,10.5
20,2-6-8,1.393896,1.692729,2.095849,1.393896,1.588440,10.5
21,2-3-8,1.384840,1.763588,2.327223,1.384840,1.578701,12.5
22,2-4-8,1.356015,1.654050,2.094464,1.511670,1.356015,11.1
23,1-3-5,1.353120,1.581380,1.771265,1.619754,1.353120,10.5
24,3-7-9,1.338495,1.625510,2.026076,1.511958,1.338495,11.1
25,3-4-8,1.336743,1.649375,2.111511,1.499871,1.336743,11.0
26,0-2-8,1.314704,1.601859,1.937816,1.314704,1.553058,10.6
27,3-5-7,1.302105,1.920078,2.401940,2.056188,1.302105,10.6
28,0-7-9,1.301307,1.498606,1.806023,1.388490,1.301307,10.4
29,3-7-8,1.290208,1.710224,2.232547,1.290208,1.607916,10.6
30,2-8-9,1.285605,1.717119,2.159393,1.706359,1.285605,10.6
31,2-3-6,1.281051,1.602557,2.155635,1.281051,1.370984,10.4
32,3-5-9,1.271562,1.841501,2.312923,1.940017,1.271562,10.5
33,1-3-8,1.249185,1.499721,1.881362,1.368617,1.249185,10.3
34,0-3-8,1.228662,1.416390,1.732472,1.288037,1.228662,10.3
35,3-8-9,1.224247,1.657571,2.099564,1.648901,1.224247,10.4
36,5-6-8,1.193034,1.468611,1.956141,1.256660,1.193034,10.4
37,2-7-8,1.185808,1.655050,2.276678,1.185808,1.502663,10.7
38,3-6-8,1.163745,1.533174,2.054161,1.163745,1.381618,10.4
39,5-8-9,1.138572,1.597238,2.135202,1.517940,1.138572,10.7
40,1-5-8,1.125301,1.435579,1.721114,1.460323,1.125301,10.5
41,5-7-8,1.121197,1.592192,2.264383,1.121197,1.390996,11.0
42,6-8-9,1.111910,1.319915,1.605545,1.242289,1.111910,11.1
43,2-3-4,1.105664,1.438060,2.032861,1.175655,1.105664,10.4
44,0-2-5,1.078710,1.394128,2.005673,1.098003,1.078710,10.5
45,0-1-5,1.061441,1.392769,1.988310,1.128556,1.061441,10.5
46,4-5-8,1.048393,1.553367,2.226743,1.384965,1.048393,10.7
47,2-3-9,1.046316,1.403523,2.006474,1.157778,1.046316,11.5
48,3-6-9,1.040023,1.278086,1.702069,1.040023,1.092165,10.7
49,0-5-8,1.038024,1.390293,1.787449,1.345407,1.038024,10.4
50,2-5-6,1.016183,1.430485,2.020036,1.255235,1.016183,10.9
51,1-8-9,1.008750,1.348255,1.685049,1.350967,1.008750,10.4
52,3-6-7,1.005125,1.274848,1.803017,1.016401,1.005125,10.5
53,1-7-8,0.998465,1.280480,1.815283,1.027690,0.998465,10.6
54,0-4-5,0.994359,1.386689,1.918444,1.247264,0.994359,10.4
55,2-6-9,0.984677,1.386911,1.795876,1.380180,0.984677,10.4
56,0-8-9,0.975421,1.280986,1.575840,1.291696,0.975421,10.3
57,1-2-6,0.974592,1.400676,1.927544,1.299892,0.974592,10.4
58,4-5-6,0.966751,1.444042,2.093521,1.271854,0.966751,10.7
59,1-2-9,0.956816,1.352417,1.901577,1.198860,0.956816,10.4
60,2-3-7,0.954909,1.454059,2.224893,1.182377,0.954909,10.4
61,2-6-7,0.951664,1.505690,2.052140,1.513266,0.951664,10.3
62,3-5-6,0.948368,1.793919,2.493847,1.939542,0.948368,10.8
63,1-2-4,0.947924,1.329779,1.892247,1.149166,0.947924,10.3
64,2-5-9,0.922219,1.314511,1.864659,1.156654,0.922219,10.8
65,0-2-4,0.902884,1.229922,1.818544,0.968338,0.902884,10.5
66,4-7-8,0.899847,1.410731,2.290202,1.042143,0.899847,10.3
67,2-4-6,0.897947,1.339254,1.868109,1.251706,0.897947,11.8
68,3-4-7,0.887542,1.421077,1.870313,1.505375,0.887542,11.0
69,5-6-9,0.882756,1.255980,1.698963,1.186220,0.882756,10.6
70,0-2-6,0.881647,1.272464,1.869817,1.065928,0.881647,10.4
71,4-6-7,0.856245,1.374580,2.079142,1.188352,0.856245,11.3
72,4-5-7,0.851720,1.420139,2.267094,1.141604,0.851720,11.0
73,2-5-7,0.830293,1.376119,2.094248,1.203817,0.830293,10.3
74,0-3-9,0.822004,1.207177,1.677119,1.122407,0.822004,10.4
75,0-2-7,0.821735,1.337281,2.012461,1.177647,0.821735,10.3
76,1-2-3,0.819485,1.402021,2.029134,1.357445,0.819485,10.4
77,1-2-5,0.811010,1.321490,1.871542,1.281917,0.811010,10.4
78,0-3-7,0.808798,1.289635,1.861489,1.198616,0.808798,10.3
79,1-6-8,0.804882,1.134100,1.555020,1.042399,0.804882,10.4
80,1-4-8,0.804436,1.210882,1.613427,1.214784,0.804436,10.6
81,0-1-8,0.801004,1.182175,1.606053,1.139469,0.801004,10.4
82,2-4-5,0.798159,1.299044,1.790966,1.308007,0.798159,10.9
83,2-4-7,0.794854,1.422402,1.983004,1.489348,0.794854,11.6
84,0-2-9,0.787604,1.167894,1.768017,0.948062,0.787604,10.5
85,0-2-3,0.786843,1.244322,1.855439,1.090685,0.786843,10.5
86,1-2-7,0.782988,1.350873,1.975810,1.293821,0.782988,10.4
87,6-7-8,0.781110,1.102158,1.615781,0.909581,0.781110,10.6
88,0-1-2,0.779349,1.331996,1.963857,1.252784,0.779349,10.8
89,1-3-9,0.768591,1.093868,1.487390,1.025623,0.768591,10.4
90,0-3-4,0.751551,1.179682,1.691640,1.095855,0.751551,10.5
91,4-6-8,0.737075,1.213770,1.874161,1.030073,0.737075,10.7
92,3-4-6,0.733925,1.190857,1.635828,1.202817,0.733925,10.5
93,5-6-7,0.719076,1.223958,1.780328,1.172471,0.719076,10.2
94,0-5-9,0.716276,1.300547,1.861447,1.323920,0.716276,10.3
95,0-5-6,0.714475,1.301776,1.843268,1.347585,0.714475,10.4
96,1-3-7,0.695914,1.125640,1.643596,1.037409,0.695914,10.3
97,0-7-8,0.686477,1.084594,1.636779,0.930527,0.686477,10.6
98,1-4-7,0.679596,1.254384,1.661899,1.421656,0.679596,10.3
99,0-4-7,0.670754,1.217415,1.630451,1.351039,0.670754,10.4
100,1-5-9,0.670491,1.068237,1.454860,1.079360,0.670491,10.4
101,0-4-8,0.645604,1.090084,1.474277,1.150372,0.645604,10.5
102,0-4-6,0.643548,1.078287,1.514436,1.076876,0.643548,10.4
103,1-4-6,0.643162,1.067722,1.440344,1.119659,0.643162,10.6
104,1-4-5,0.641833,1.079489,1.469474,1.127160,0.641833,10.4
105,1-5-6,0.640745,1.102076,1.537336,1.128146,0.640745,10.3
106,0-5-7,0.640256,1.300503,1.925995,1.335256,0.640256,10.6
107,0-1-3,0.625144,1.096490,1.633285,1.031040,0.625144,10.7
108,1-3-4,0.616794,1.009290,1.482270,0.928806,0.616794,10.4
109,0-6-8,0.574333,0.982667,1.441840,0.931828,0.574333,10.5
110,1-5-7,0.557530,1.080359,1.586584,1.096963,0.557530,10.3
111,0-1-6,0.526045,1.004588,1.568523,0.919194,0.526045,10.6
112,0-6-7,0.525359,1.028313,1.593226,0.966353,0.525359,10.4
113,1-6-9,0.525249,0.944709,1.334242,0.974637,0.525249,10.5
114,0-3-6,0.524530,1.085088,1.665646,1.065089,0.524530,10.6
115,0-1-7,0.523874,1.032516,1.638948,0.934726,0.523874,10.7
116,1-6-7,0.523294,1.026844,1.520130,1.037109,0.523294,10.4
117,1-3-6,0.522422,0.993728,1.497144,0.961618,0.522422,10.4
118,0-1-9,0.453012,0.899561,1.457243,0.788428,0.453012,10.4
119,0-6-9,0.442121,0.909186,1.402556,0.882880,0.442121,10.4
120,0-1-4,0.429516,0.891917,1.460312,0.785924,0.429516,10.5
